store,welfare_gap,welfare_gap_per_buyer,rmse_static,rmse_habit,cv_static,cv_habit,rmse_gap,income,age60,hsizeavg,hsize1,ethnic,educ,workwom,poverty,shopavid,shophurr,shopcons,density,lat,long,price_tier,income_tercile,poverty_tercile,shopavid_tercile
2,1.5136182313151378,0.0020510820342627685,0.1482244883237231,0.09191759530139167,-9.607512295664069,-8.093894064348932,0.056306893022331425,10.5532055,0.23286474,2.5310624,0.28203318,0.11427995,0.24893494,0.30358535,0.0619594,0.18125662,0.12107307,0.091069534,0.00045604358,419081.0,878131.0,High,Mid,High,Mid
5,0.14255536454287987,0.0020533609967015366,0.016651250154605755,0.006991138219239452,-1.651874328797321,-1.509318964254441,0.009660111935366303,10.922371,0.117368035,2.6564388,0.2188517,0.05387528,0.32122573,0.41056803,0.025104603,0.16806136,0.19060902,0.032543004,0.0011192828,421203.0,880431.0,Medium,High,Low,Low
8,1.287865470241931,0.0007782099178826207,0.07315115754159142,0.06969388858251549,-32.4837163432315,-31.19585087298957,0.0034572689590759292,10.59701,0.25239402,2.769603,0.21082151,0.03524333,0.09517328,0.28307474,0.051352542,0.21744391,0.13517378,0.076220855,0.00039050236,417331.0,877436.0,Medium,Mid,Mid,High
9,4.348338541932164,0.002673500889047865,0.1023939602280425,0.07842473059033746,-29.026850086120334,-24.678511544188172,0.023969229637705036,10.787151,0.26911902,2.6168945,0.21154405,0.032618824,0.22217232,0.3589945,0.028060483,0.1536784,0.1586217,0.04332655,0.00070336054,420411.0,877994.0,Medium,High,Low,Low
12,4.244724066405811,0.002803823091572811,0.08214130222154008,0.05952864193090784,-32.59504371739247,-28.350319650986663,0.02261266029063224,9.996659,0.1783414,1.9590181,0.49259484,0.380698,0.25341296,0.3909416,0.1688641,0.11045745,0.045947865,0.22984076,0.00018423286,419928.0,876592.0,High,Low,High,Low
14,2.3375366208728074,0.0019177340003343902,0.09506910500353129,0.05653738978353143,-31.10224663575809,-28.764710014885285,0.03853171521999986,11.043929,0.21394928,2.7350614,0.18633227,0.034178745,0.34829304,0.36230576,0.019350497,0.13867384,0.21541569,0.02457085,0.0009625604,420733.0,877994.0,High,High,Low,Low
18,4.059569899193985,0.0021620678094202025,0.07986351589018104,0.07054992091865743,-30.771466137183754,-26.711896237989773,0.009313594971523606,10.391975,0.27231336,2.5303378,0.2688054,0.074417144,0.072246455,0.3139077,0.07572738,0.21568042,0.10231122,0.115461245,0.00038543055,419364.0,878331.0,Medium,Low,High,High
21,2.3922722290524905,0.00284187182170849,0.0882149895649252,0.07253551579760702,-15.562339064262844,-13.170066835210353,0.01567947376731818,10.716194,0.06689646,3.1103914,0.13883413,0.10503878,0.17750345,0.40607092,0.024785241,0.2502112,0.22697832,0.033511687,0.00083722617,420058.0,881411.0,Low,Mid,Low,High
28,1.5704259299442198,0.0019964116784828385,0.11796268377992836,0.09237118590984893,-8.554354438254784,-6.983928508310563,0.02559149787007943,10.798534,0.21330878,2.6465094,0.21060005,0.055935472,0.23316257,0.38905853,0.03549743,0.16300794,0.16581038,0.04880897,0.0012432053,420686.0,879208.0,Medium,High,Mid,Low
32,5.251052921899921,0.0028157323176299536,0.09773677097616058,0.07218460567334233,-35.187083246584024,-29.936030324684104,0.025552165302818258,10.674475,0.25495303,2.4011538,0.29030597,0.031938516,0.19825986,0.3441521,0.037700865,0.15845868,0.11477437,0.05656295,0.0004560205,419872.0,878378.0,High,Mid,Mid,Low
33,3.938120479096498,0.002657894076535142,0.2299942827072472,0.07758789627109049,-16.316453068423268,-12.378332589326769,0.15240638643615673,10.345927,0.13416997,1.5542903,0.61400956,0.13012718,0.41968802,0.47230828,0.08753807,0.06130826,0.026350636,0.12486759,0.0002484629,419386.0,876447.0,High,Low,High,Low
40,2.2369931619756316,0.0029272197321357422,0.1033810254277629,0.09004540372585843,-11.69530329186552,-9.458310129889888,0.013335621701904471,10.55025,0.1818518,2.7309716,0.22936721,0.044053067,0.0721286,0.30610797,0.055184804,0.23803413,0.13037342,0.0784037,0.0006887625,417317.0,877969.0,Low,Mid,Mid,High
44,1.182690159314019,0.0012424402458952324,0.11214387130694668,0.06066135559914834,-18.540564391790937,-17.357874232476917,0.05148251570779834,10.869159,0.19098277,2.7784345,0.1730534,0.037632074,0.32973838,0.34079438,0.030154848,0.17709395,0.20460567,0.04136947,0.001115212,418033.0,878903.0,Medium,High,Mid,Mid
45,0.00041277101753190045,,0.007398110837862119,0.0034544816033249925,-0.031958951570702575,-0.031546180553170676,0.003943629234537126,10.745378,0.12885734,2.4988985,0.26256758,0.08723387,0.28015018,0.4641126,0.022827392,0.17568108,0.15745193,0.034455128,0.0014544295,421403.0,879300.0,Medium,Mid,Low,Mid
47,3.358954986006541,0.0036582259869874082,0.10449681862088392,0.09293671813207009,-18.282010113654994,-14.923055127648455,0.011560100488813826,10.635326,0.1257983,2.9243994,0.17562024,0.12067589,0.14059865,0.39802703,0.03262356,0.21961704,0.16862056,0.049433373,0.0015234167,419364.0,880022.0,Medium,Mid,Mid,High
48,0.0011389486180129514,-0.0003308165052419851,0.040667674419693566,0.03047909935941269,-0.18167732608611023,-0.18053837746809728,0.010188575060280876,10.756029,0.09792196,2.352837,0.32490718,0.0994917,0.3032604,0.45968282,0.018204313,0.13841258,0.12939721,0.026869366,0.0013716549,420503.0,880775.0,Medium,High,Low,Low
49,0.000490054884735088,,0.005172956486982539,0.005309290696096748,-0.03189689948621189,-0.0314068446014768,-0.00013633420911420956,10.806754,0.1874732,2.586292,0.25550562,0.03835264,0.31994995,0.34641173,0.028320972,0.18966292,0.1719101,0.04561798,0.0016516517,418111.0,879869.0,Medium,High,Low,Mid
51,1.9404980293358858,0.0014359604867180235,0.07212897569233183,0.07276424591095039,-30.530430421497186,-28.589932392161302,-0.000635270218618561,10.620839,0.17615972,2.784705,0.1996675,0.02542572,0.17191671,0.3131898,0.039401498,0.23341645,0.1429759,0.057024106,0.0014368761,416594.0,877775.0,Medium,Mid,Mid,High
52,3.517255788095672,0.0030520724536633546,0.09949707026707692,0.05567121813163605,-22.521797370820547,-19.004541582724876,0.04382585213544087,11.051017,0.1522412,2.6783156,0.20595817,0.08489861,0.3729273,0.39347687,0.019197708,0.14183381,0.21074499,0.024212034,0.0015827108,421364.0,878825.0,High,High,Low,Low
53,2.63963700536137,0.003344117829353561,0.10231903494360371,0.09143858727631342,-13.545185154885258,-10.90554814952389,0.010880447667290294,10.600004,0.3002787,2.5547268,0.27937916,0.06572225,0.2703835,0.3126357,0.06331922,0.1610887,0.14294355,0.090322584,0.00050704443,420039.0,877069.0,High,Mid,High,Low
54,2.0148405813206547,0.002823560896284409,0.14242394526427746,0.0866683514140656,-10.427847416458558,-8.413006835137903,0.05575559385021185,10.910898,0.09022228,2.5787995,0.26723996,0.046640858,0.42112565,0.43671876,0.021336421,0.19116917,0.19149992,0.029436084,0.0013467782,417975.0,881225.0,Medium,High,Low,Mid
56,1.5243660451654102,0.0017146280842534236,0.09919846151164821,0.07642697231938678,-12.287267439577978,-10.762901394412566,0.022771489192261435,10.831825,0.19288854,2.615022,0.2280229,0.04135602,0.23755072,0.3621682,0.027950833,0.17564836,0.166386,0.041764904,0.0018817307,417683.0,878881.0,Medium,High,Low,Mid
59,1.9994133167087016,0.0031159755988314324,0.12194981235862291,0.07858873733919697,-12.329868900876853,-10.330455584168153,0.043361075019425946,10.71504,0.110818915,2.9551332,0.15422963,0.024246568,0.2330361,0.3906961,0.038323727,0.23255451,0.23753893,0.05685358,0.0046378793,422275.0,883136.0,Low,Mid,Mid,High
62,5.877222506969741,0.004634226141914497,0.11691006862313044,0.050842546281812714,-41.00068490111769,-35.12346239414794,0.06606752234131773,11.2361965,0.22253427,2.6961427,0.18264979,0.026510896,0.51776034,0.32276517,0.019975603,0.10367434,0.240433,0.01951517,0.0010946979,421006.0,877708.0,High,High,Low,Low
64,-0.0004500720363690461,,0.01488186576294179,0.0069040527771439195,-0.03106905249835163,-0.03151912453472067,0.007977812985797871,10.605818,0.14199202,2.8513513,0.18796068,0.0700342,0.1608213,0.39129454,0.03871364,0.2262953,0.17161581,0.059389718,0.0010373326,419075.0,879844.0,Medium,Mid,Mid,High
67,2.8343633375327126,0.0028148406463385893,0.12959380096295545,0.08789850453513494,-15.509719378853578,-12.675356041320866,0.04169529642782051,10.79696,0.21027298,2.5559676,0.2549435,0.05053978,0.28439465,0.38515761,0.034080874,0.15413135,0.16084039,0.047846045,0.0012301451,418586.0,879736.0,Medium,High,Mid,Low
68,4.442371020976533,0.00493144736833439,0.11828148691539991,0.08085464007881543,-15.249459896867082,-10.807088875890546,0.03742684683658448,10.188366,0.18141776,2.515661,0.31605026,0.22099106,0.15972151,0.33053964,0.098212704,0.19444445,0.08970276,0.15003538,0.00020784583,419758.0,876917.0,High,Low,High,Mid
70,2.5466367157503864,0.002524636594262162,0.08181524304640446,0.07119784164161917,-22.246607891301306,-19.699971175550925,0.010617401404785287,10.412352,0.19023581,2.6202266,0.25781107,0.16286083,0.1656696,0.3277294,0.08797734,0.22892116,0.12843701,0.12514845,0.0014649682,415228.0,881308.0,Low,Low,High,High
71,-0.4962673111382084,-0.0004694305792840602,0.08178637454805134,0.07607809664592576,-27.573447283818297,-28.0697145949565,0.00570827790212558,10.404839,0.26807088,2.307084,0.33849534,0.07482801,0.15958808,0.30310175,0.07337434,0.17992091,0.097759224,0.111818984,0.00050702103,418456.0,878058.0,High,Low,High,Mid
72,2.1632786811165703,0.0028452268375637538,0.13458658224220266,0.10068377036658516,-11.22993679195945,-9.06665811084288,0.0339028118756175,10.7121935,0.28372768,2.6189268,0.21192893,0.045938842,0.26872456,0.33113098,0.040246554,0.16119674,0.15394379,0.059111513,0.0006821641,420139.0,877469.0,High,Mid,Mid,Low
73,0.33135036771829435,0.0002796978628580704,0.07878866168150887,0.08363778869836173,-21.616746380064495,-21.2853960123462,-0.004849127016852861,10.614965,0.2574508,2.7591085,0.228997,0.10921329,0.073053956,0.2927482,0.062145077,0.20844497,0.13439074,0.087771945,0.00026729438,417650.0,877253.0,Medium,Mid,High,Mid
74,0.8336729963746061,0.0005070060293427598,0.07291962580460394,0.07473815250290228,-35.30574805765743,-34.47207506128283,-0.0018185266982983367,10.480017,0.30739784,2.4905834,0.26549932,0.04154243,0.07119776,0.29779658,0.06509299,0.20219915,0.10079414,0.10293219,0.0003646547,419553.0,878086.0,Medium,Low,High,Mid
75,2.944370854390831,0.0020121381181076037,0.0663354674043835,0.05735723257762601,-31.21436226024042,-28.26999140584959,0.008978234826757484,9.867083,0.2076995,1.9488558,0.52288395,0.41599947,0.21954845,0.31558326,0.21295658,0.10985527,0.036802206,0.2792557,0.00017880971,419764.0,876542.0,High,Low,High,Low
76,2.44954346524672,0.0028165096782486864,0.08796714884419696,0.072630738876456,-18.231369813032458,-15.781826347785737,0.015336409967740952,10.140613,0.14919242,2.7390542,0.2697023,0.42532402,0.08771179,0.2963526,0.13309982,0.19691332,0.08625219,0.1928634,0.00013000997,419394.0,877114.0,Medium,Low,High,Mid
77,6.180473842744187,0.004420772284253959,0.14250766408747864,0.06262674562906873,-27.89568300388523,-21.715209161141043,0.07988091845840992,10.983121,0.10110045,2.8249497,0.18031265,0.07350789,0.3768711,0.41416383,0.025692618,0.18260601,0.2510059,0.031723924,0.0031208326,422413.0,879561.0,Low,High,Low,Mid
78,2.6940699272328947,0.0023392010148231683,0.11393129838523777,0.08634317770368824,-22.807289399202066,-20.11321947196917,0.027588120681549533,10.959175,0.11194799,2.75514,0.2026257,0.05608608,0.31443226,0.42395225,0.017341757,0.18788704,0.22033688,0.02080753,0.00082672044,417536.0,880119.0,Low,High,Low,Mid
80,3.5207294146036627,0.002442750637242804,0.10671359906434427,0.06260517090620381,-31.55306846370494,-28.03233904910128,0.044108428158140464,10.90951,0.15269126,2.6324115,0.22659224,0.04191024,0.30446568,0.4036036,0.023853831,0.16833024,0.18254103,0.032904755,0.00055837724,421088.0,879791.0,Low,High,Low,Low
81,3.1222507358698035,0.002622673776892721,0.09952934471177394,0.07153926183251844,-24.055180083040113,-20.93292934717031,0.0279900828792555,10.719935,0.18111894,2.5155709,0.25137392,0.07396162,0.23420161,0.42954278,0.031450383,0.14961833,0.14096692,0.043867685,0.0005177718,420461.0,879416.0,Medium,Mid,Mid,Low
83,1.0383679927066503,0.0009086311953551271,0.06244220604053649,0.06373038554019875,-25.872498289531258,-24.83413029682461,-0.0012881794996622564,10.456079,0.20083469,2.6149173,0.22886297,0.1076281,0.1459849,0.3306323,0.057222694,0.23636584,0.11247419,0.086602695,0.000884767,415797.0,875561.0,Low,Low,Mid,High
84,4.879862652786834,0.0030146836915129157,0.08117801624487622,0.0707460760493846,-31.937285489526378,-27.057422836739544,0.010431940195491624,10.765617,0.1221,3.0472775,0.1425644,0.02963639,0.18809432,0.34635824,0.024297424,0.25029275,0.21355386,0.035714287,0.0023492964,416164.0,878511.0,Medium,High,Low,High
86,5.410549768467619,0.0034917417913966687,0.14144748448806602,0.05759183196064563,-35.47550445851071,-30.064954690043095,0.08385565252742039,10.088971,0.13875638,2.5295594,0.32374176,0.42786643,0.09676392,0.29320678,0.15266296,0.18173258,0.071667716,0.21437539,0.00018341832,419419.0,876886.0,Medium,Low,High,Mid
88,3.587897534396282,0.0037537487306481365,0.10771375015649223,0.06696636382943788,-14.765753819992026,-11.177856285595743,0.04074738632705435,10.549805,0.16041422,2.7439382,0.23233017,0.142928,0.15163276,0.40189996,0.037482806,0.21582115,0.14325021,0.058985382,0.0012705401,419325.0,879375.0,Medium,Mid,Mid,High
89,-0.38197724966832286,-0.0007122207019133146,0.13959389667560382,0.10605709835439382,-10.304893809599475,-10.686871059267796,0.033536798321209996,10.308119,0.20581135,2.7904086,0.27239278,0.3530537,0.053349435,0.29789042,0.109616846,0.22256058,0.10798122,0.15822865,0.00033337888,418075.0,877047.0,Medium,Low,High,High
90,1.177116324705573,0.0023720946048502545,0.11496380946188474,0.11215750352243141,-8.258543464742285,-7.081427140036712,0.0028063059394533296,10.504657,0.22521958,2.6614785,0.2619974,0.2683675,0.050193455,0.24446267,0.09175162,0.21645664,0.10526316,0.13176426,0.0015342255,416814.0,875394.0,Medium,Low,High,High
91,2.105026735364784,0.0028307541812426884,0.12137372592096335,0.11491276137398775,-11.114335866853914,-9.00930913148913,0.006460964546975603,10.538449,0.2557306,2.5465796,0.27552423,0.024680506,0.14431012,0.28909776,0.051916797,0.20264696,0.11017532,0.081471294,0.00064845494,417067.0,877392.0,Medium,Low,Mid,Mid
92,0.21358433323432446,0.0016867292769685318,0.025603943555111395,0.02784494653514424,-1.7758470805625866,-1.5622627473282622,-0.0022410029800328454,10.657801,0.13782763,2.9579208,0.1719472,0.3753887,0.27012664,0.3230332,0.034312107,0.24265918,0.17733422,0.04800396,0.0016448245,415581.0,876956.0,Medium,Mid,Mid,High
93,4.082055862618342,0.0037016803724563368,0.14463514146729683,0.06697632102534698,-23.03984659301979,-18.95779073040145,0.07765882044194986,10.36719,0.14239019,2.2246432,0.37916353,0.3473953,0.3630164,0.42063737,0.07812696,0.12484348,0.083521165,0.11557726,0.00033043922,420275.0,876772.0,High,Low,High,Low
94,3.592761697750257,0.003925550151531988,0.12347351027890097,0.07964194850233493,-14.755283592617518,-11.162521894867261,0.04383156177656604,10.744515,0.1030022,2.8450289,0.17958093,0.05931169,0.2293904,0.40231323,0.033192687,0.23168845,0.18838745,0.045128636,0.0013868684,419589.0,880892.0,Medium,Mid,Mid,High
95,2.098752556757214,0.0016817137095044672,0.07879659020212543,0.07115817629795633,-25.798495900619276,-23.69974334386206,0.007638413904169097,10.383472,0.23071751,2.5426278,0.28600717,0.09690001,0.085642084,0.2928462,0.07861904,0.19671851,0.1028884,0.11827038,0.00022728801,419447.0,877589.0,High,Low,High,Mid
98,-2.6595055635913583,-0.001992596426971053,0.06418834445767516,0.0579100812294414,-38.44026441825002,-41.099769981841376,0.0062782632282337575,10.573596,0.24920054,2.706075,0.23254094,0.16496374,0.05170282,0.2995844,0.06509563,0.20509298,0.11348267,0.0942519,0.00038725528,417953.0,877606.0,Medium,Mid,High,Mid
100,1.174760048092111,0.0010558226972489074,0.058068565198292885,0.05114563464832135,-32.47205700043737,-31.29729695234526,0.006922930549971534,10.036575,0.13699514,3.0802574,0.25856522,0.5640868,0.049550287,0.26723394,0.166714,0.24687618,0.087466866,0.22851193,0.00019364357,418356.0,876664.0,High,Low,High,High
101,1.7554488163598414,0.0013979582038504967,0.07798582911900422,0.055267019066958106,-34.74661609788404,-32.991167281524206,0.02271881005204611,10.659938,0.22503522,2.5170949,0.2675093,0.08742201,0.17474186,0.39006513,0.03822646,0.17001657,0.13334024,0.055428926,0.00089394243,420247.0,878931.0,Medium,Mid,Mid,Mid
102,0.8132015576216655,0.0006209082392611788,0.0613344610781952,0.0601036320064001,-43.37225687892548,-42.559055321303816,0.0012308290717951004,10.4938545,0.21662623,2.706289,0.26117012,0.17215858,0.12065754,0.28994414,0.068706796,0.21809138,0.12434665,0.10605294,0.00036452417,416836.0,877011.0,Medium,Low,High,High
103,3.304134809303548,0.003833151195579195,0.11223216859499854,0.0734591555226734,-15.47074150523422,-12.16660669593067,0.03877301307232514,10.585245,0.058053967,3.3085122,0.121926956,0.1877609,0.1946211,0.36129427,0.0331107,0.309649,0.21813273,0.047463406,0.0018453329,416917.0,880689.0,Medium,Mid,Mid,High
104,3.7706034665131742,0.0036948376847869943,0.1502265600244899,0.06847761005334904,-23.064080497015507,-19.293477030502334,0.08174894997114085,10.698853,0.13528638,2.7635107,0.20435533,0.039405625,0.24968447,0.4053069,0.034386616,0.21123208,0.2114976,0.055762082,0.0033701684,419011.0,883392.0,Medium,Mid,Mid,Mid
105,0.7166757912882511,0.0010732281582409072,0.08072825955476408,0.08649883096263906,-16.4370967182413,-15.720420926953048,-0.005770571407874986,10.414393,0.17554213,2.927787,0.2068201,0.3654106,0.09423559,0.36089012,0.081917025,0.22495514,0.15074421,0.11506387,0.00042232493,418967.0,878836.0,Medium,Low,High,High
106,2.008441051674494,0.0029960475062516547,0.11613719423614363,0.08166022566019271,-14.23906099386323,-12.230619942188735,0.03447696857595092,10.506846,0.10988735,2.9143069,0.18862349,0.19058587,0.15793931,0.367483,0.059091467,0.24759911,0.17618813,0.091233686,0.0022308305,417205.0,883188.0,Medium,Low,Mid,High
107,1.1706800441053098,0.0006919270764813157,0.07254705433741854,0.059934415065473236,-35.55416542346994,-34.38348537936463,0.012612639271945301,10.827131,0.26186746,2.5744324,0.2253995,0.025624482,0.27305192,0.31122053,0.027871216,0.1696096,0.15855856,0.042522524,0.001137893,418336.0,878997.0,Medium,High,Low,Mid
109,7.049901509510499,0.005440435884162705,0.1447197581080432,0.06479622396038533,-34.19417752971095,-27.144276020200447,0.07992353414765786,11.233198,0.15105565,2.8562844,0.14772159,0.060687453,0.4769167,0.3408067,0.023230199,0.12726544,0.2801642,0.02973866,0.0019185394,421992.0,878603.0,High,High,Low,Low
110,2.1898756193739777,0.002640655759228542,0.09709814551629058,0.07721819724459522,-15.52591556883621,-13.336039949462231,0.019879948271695355,10.52086,0.114956684,3.0110776,0.1653221,0.15294445,0.16755319,0.4043141,0.053595085,0.23889223,0.18615292,0.079349786,0.0031828657,420942.0,882586.0,Medium,Low,Mid,High
111,-0.9780782873905252,-0.00140362963268298,0.09930083786666703,0.07936368768118506,-9.25061189078078,-10.228690178171306,0.019937150185481978,10.138283,0.21051285,2.8242064,0.2609644,0.99569076,0.09692892,0.28851542,0.17165354,0.15237403,0.051356588,0.233406,0.00020778223,417511.0,876281.0,High,Low,High,Low
112,8.66125971400301,0.006239096131554951,0.09741072508879901,0.05482852000248435,-39.865201765569644,-31.20394205156663,0.04258220508631466,10.882659,0.08972372,2.6619565,0.22131221,0.06971024,0.3298985,0.44016436,0.019981999,0.1795518,0.20655206,0.025650257,0.0007968329,421528.0,879836.0,Medium,High,Low,Mid
113,2.658417059827766,0.0021720265243576928,0.09801967024123699,0.09284986170553365,-23.066903290981404,-20.40848623115364,0.005169808535703341,10.64766,0.29935256,2.4720085,0.27574787,0.02644831,0.15159243,0.2975149,0.046153847,0.16826923,0.12211538,0.07200855,0.00039185816,419964.0,877878.0,Medium,Mid,Mid,Low
114,0.7041072252717063,0.0007129919285325343,0.07330827963803134,0.07118934493540677,-22.277108275918028,-21.573001050646322,0.0021189347026245725,10.347949,0.1821733,2.6506965,0.24915576,0.4411695,0.094424516,0.30747697,0.08285835,0.23875871,0.09278024,0.12254591,0.00062184344,416231.0,875731.0,Medium,Low,High,High
115,5.5741877356807175,0.0053759427156498335,0.12446633750932729,0.07220405401968778,-32.664278497986764,-27.090090762306044,0.0522622834896395,10.947485,0.060280055,3.0426564,0.15251346,0.043971993,0.4063125,0.40527996,0.018897638,0.23070866,0.285958,0.028346457,0.001748207,417500.0,881136.0,Medium,High,Low,High
116,2.6835321379890167,0.002509954682936717,0.10617284085324727,0.07288630691300817,-21.037758264393524,-18.35422612640451,0.0332865339402391,10.697113,0.18817338,2.71938,0.20637381,0.033137057,0.25922474,0.35563514,0.036188178,0.1987599,0.17723045,0.05425422,0.0007235029,418906.0,879597.0,Medium,Mid,Mid,Mid
117,0.00032136607533891036,,0.0059819652650981185,0.003511522026095753,-0.03190009760494654,-0.03157873152960763,0.0024704432390023653,10.7609625,0.11010273,2.6755157,0.23706459,0.049851894,0.24908355,0.43913624,0.018599933,0.19141021,0.18447751,0.024856273,0.0010966156,420164.0,880817.0,Medium,High,Low,Mid
118,-0.00020131978079173624,,0.001539117234531732,0.0023313699781178625,-0.03168007093383169,-0.031881390714623425,-0.0007922527435861306,10.632363,0.2894424,2.5218217,0.23908919,0.040669143,0.22472589,0.35497746,0.039278936,0.16603416,0.14326376,0.064326376,0.00088773237,420403.0,877706.0,Medium,Mid,Mid,Low
119,4.723165240440195,0.004043057510748808,0.1173954829109285,0.07398076181814513,-18.369897814358424,-13.646732573918229,0.04341472109278337,10.752719,0.12157497,2.5930653,0.23223472,0.049584955,0.27995202,0.46226618,0.021523809,0.17942858,0.176,0.030285714,0.0009006097,421383.0,879572.0,Medium,Mid,Low,Mid
121,0.704767357546146,0.00048574494038376584,0.08620015776831058,0.06718745225102934,-40.255811469629414,-39.55104411208327,0.019012705517281236,10.949929,0.16358133,2.527295,0.25098082,0.03917354,0.35061288,0.38230425,0.016704036,0.16263169,0.1735037,0.02342524,0.00081022986,417728.0,879481.0,Medium,High,Low,Low
122,5.8164209603484744,0.004411645482536815,0.0797226035963251,0.05294115665937912,-35.90044068333516,-30.084019722986692,0.026781446936945986,10.775053,0.06195391,2.8581367,0.18141258,0.07837289,0.25588906,0.42586014,0.01898064,0.21164462,0.21293005,0.024499055,0.0010115355,420453.0,881431.0,Medium,High,Low,High
123,3.423799889253668,0.003789778710853651,0.07915160880756233,0.06768788531681051,-24.149348505796873,-20.725548616543207,0.011463723490751823,10.334101,0.17604095,2.745207,0.26826897,0.2048097,0.15319149,0.3115727,0.08752431,0.20961244,0.10987637,0.1322406,0.000270794,419683.0,877283.0,High,Low,High,Mid
124,2.169455225381234,0.002022672409911385,0.0875909383966214,0.07794121948905215,-20.98582637649689,-18.816371151115654,0.009649718907569244,10.258957,0.119625814,2.578219,0.32741678,0.57235587,0.26187584,0.34851855,0.13386142,0.16155234,0.093662255,0.18120737,0.00019320351,418883.0,877789.0,High,Low,High,Low
126,5.743880835404541,0.004359787114509659,0.1270874112847925,0.06768406526650747,-38.75898430937325,-33.01510347396871,0.059403346018285036,10.980876,0.10700227,2.747763,0.20286949,0.045018572,0.4132224,0.42195928,0.01373033,0.16970071,0.2300216,0.018821351,0.0009979487,418300.0,881036.0,Medium,High,Low,Mid
128,3.8300436088677183,0.004005173077638786,0.08521407830776719,0.056218927466528346,-29.64964021863342,-25.819596609765703,0.02899515084123884,10.153429,0.15748519,2.376468,0.3662462,0.35591123,0.2118969,0.3982512,0.11352762,0.15488362,0.08244507,0.16358495,0.00027765497,420056.0,876808.0,High,Low,High,Low
129,4.480587547594461,0.004942210513575706,0.11909016810568501,0.06091269551829141,-32.2187274676151,-27.738139920020643,0.0581774725873936,10.999864,0.10341287,2.916177,0.13640922,0.034128692,0.30784255,0.36787644,0.029529817,0.19690455,0.26382917,0.040556032,0.0042978683,421908.0,881091.0,Medium,High,Low,Mid
130,0.43049776060893885,0.0006357226642897358,0.10942689200330984,0.08709009549136482,-12.81024166037139,-12.379743899762449,0.02233679651194502,9.96665,0.14511731,2.4615521,0.3674303,0.9848963,0.14340685,0.33702976,0.19314449,0.13711038,0.040493738,0.25548354,0.0001879888,417652.0,875755.0,High,Low,High,Low
131,3.401858464220798,0.003467116608218908,0.07581774917810864,0.0683883744482318,-29.235103592667567,-25.83324512844677,0.007429374729876842,10.793537,0.1706548,2.5111203,0.26368058,0.07465643,0.2713958,0.4148414,0.027004655,0.15589118,0.1554774,0.03651598,0.00070533546,420761.0,880150.0,Medium,High,Low,Low
132,-0.7154053244075433,-0.00044127128351116525,0.07059453350602633,0.07937189002602506,-35.66815529335958,-36.383560617767124,-0.008777356519998725,10.619154,0.13961735,2.851318,0.18134715,0.2739742,0.26452845,0.35275474,0.041450776,0.23563866,0.17222348,0.05688218,0.0027919572,415052.0,877169.0,Medium,Mid,Mid,High
133,2.2366403215715143,0.0017371944403106326,0.08510992078906407,0.07623299757959538,-35.46284177198365,-33.226201450412134,0.008876923209468687,,,,,,,,,,,,,,,Medium,Missing,Missing,Missing
134,3.6074700057526097,0.0048698598888669885,0.12005812156770149,0.06022736223719596,-21.749483919722014,-18.142013913969407,0.05983075933050553,10.722518,0.09015265,3.0511076,0.13952585,0.10585585,0.24794914,0.3881163,0.027977463,0.26078507,0.23552273,0.040419742,0.0044012764,419161.0,882077.0,Medium,Mid,Low,High
135,6.010387513512338,0.004435364550759146,0.09245042754667254,0.06800964692145063,-34.85953202858608,-28.84914451507374,0.02444078062522191,,,,,,,,,,,,,,,CubFighter,Missing,Missing,Missing
136,7.378357996829602,0.008138787151960761,0.13189496007278836,0.053938099843655704,-31.414211421959653,-24.03585342513005,0.07795686022913266,,,,,,,,,,,,,,,Medium,Missing,Missing,Missing
137,3.593579146791474,0.0032805589020005535,0.1289107352221853,0.0521631861249269,-36.58563374825189,-32.99205460146042,0.0767475490972584,10.96649,0.20960245,2.605644,0.2358532,0.11324985,0.52836204,0.33029285,0.038157895,0.12615114,0.21517321,0.051600643,0.00047684147,420691.0,877033.0,High,High,Mid,Low
139,8.310095900413716,0.006732790496108071,0.08502545765678,0.05580223965545033,-39.12903362602937,-30.818937725615655,0.029223218001329675,,,,,,,,,,,,,,,Medium,Missing,Missing,Missing
140,5.749069831429,0.006512949481052452,0.11426656432710552,0.056256630374465176,-29.184468099031875,-23.435398267602874,0.05800993395264035,,,,,,,,,,,,,,,CubFighter,Missing,Missing,Missing
141,8.230956390470347,0.007638636461969249,0.12106928474558909,0.062246063141222656,-33.544270050236186,-25.31331365976584,0.058823221604366434,,,,,,,,,,,,,,,CubFighter,Missing,Missing,Missing
142,5.217801426338114,0.005512134287964078,0.10999647116392387,0.05774404354268953,-28.220009332112102,-23.00220790577399,0.052252427621234346,,,,,,,,,,,,,,,CubFighter,Missing,Missing,Missing
143,7.008418114477473,0.005201376693255494,0.08877164270687604,0.04817043709606584,-41.228409939727364,-34.21999182524989,0.0406012056108102,,,,,,,,,,,,,,,CubFighter,Missing,Missing,Missing
144,5.0180591096124365,0.0046230497435934435,0.12555351972267345,0.061214590951474905,-27.11816964885541,-22.100110539242973,0.06433892877119854,,,,,,,,,,,,,,,CubFighter,Missing,Missing,Missing
146,3.5937853204592165,0.00574555707810332,0.1499961320275108,0.09066113645862102,-19.917841648999023,-16.324056328539804,0.059334995568889784,,,,,,,,,,,,,,,CubFighter,Missing,Missing,Missing
